Workbook

Sheet STOCK
A1: SL NO | B1: WAREHOUSE | C1: MATERIAL | D1: DISCRIPTION | E1: 46092
A2: 1 | B2: JAIPUR | C2: ANTENNA | D2: B6-DISH ANTENNA
A3: 2 | B3: JAIPUR | C3: ANTENNA | D3: A6 RADIO ODU | E3: 2
A4: 3 | B4: JAIPUR | C4: ANTENNA | D4: B6 RADIO ODU
A5: 4 | B5: JAIPUR | C5: CABLE | D5: B6-LOGIN CABLE
A6: 5 | B6: JAIPUR | C6: CABLE | D6: CBL ELEC N-ARM 1.1KV AL PVC 1C 10 SQ.MM.
A7: 6 | B7: JAIPUR | C7: CABLE CAT-6 | D7: B6-CABLE CAT-6 UTP (B6-LOGIN CABLE)
A8: 7 | B8: JAIPUR | C8: CABLE CAT-6 | D8: B6-CABLE CAT-6 UTP (B6-LOGIN CABLE-50 MTR)
A9: 8 | B9: JAIPUR | C9: CABLE CAT-6 | D9: B6-CABLE CAT-6 UTP (B6-LOGIN CABLE-60 MTR)
A10: 9 | B10: JAIPUR | C10: CABLE CPRI | D10: B6-CPRI CABLE 50 MTR - (MULTIMODE)
A11: 10 | B11: JAIPUR | C11: CABLE CPRI | D11: B6-CPRI CABLE 60 MTR - (MULTIMODE)
A12: 11 | B12: JAIPUR | C12: CABLE CPRI | D12: CPRI CABLE 05 MTR - (MULTIMODE) | E12: 3
A13: 12 | B13: JAIPUR | C13: CABLE CPRI | D13: CPRI CABLE 30 MTR - (MULTIMODE)
A14: 13 | B14: JAIPUR | C14: CABLE CPRI | D14: CPRI CABLE 40 MTR - (MULTIMODE) | E14: 1
A15: 14 | B15: JAIPUR | C15: CABLE CPRI | D15: CPRI CABLE 70 MTR - (MULTIMODE)
A16: 15 | B16: JAIPUR | C16: CABLE CPRI | D16: FIBER,LC DUP PC-LC DUP APC,SM,3MTR
A17: 16 | B17: JAIPUR | C17: CABLE EARTHING | D17: EARTHING CABLE
A18: 17 | B18: JAIPUR | C18: CABLE POWER | D18: POWER CABLE 30 MTR (MULTIMODE)
A19: 18 | B19: JAIPUR | C19: CABLE POWER | D19: POWER CABLE 40 MTR (MULTIMODE)
A20: 19 | B20: JAIPUR | C20: CABLE POWER | D20: POWER CABLE 50 MTR (MULTIMODE) | E20: 2
A21: 20 | B21: JAIPUR | C21: CABLE POWER | D21: POWER CABLE 60 MTR (MULTIMODE) | E21: 0
A22: 21 | B22: JAIPUR | C22: CABLE POWER | D22: POWER CABLE 70 MTR (MULTIMODE)
A23: 22 | B23: JAIPUR | C23: CLAMP | D23: EARTHING CLAMP
A24: 23 | B24: JAIPUR | C24: CLAMP | D24: GRIPPING CLAMP-STUB
A25: 24 | B25: JAIPUR | C25: GLAND | D25: GLAND FREED FROM CPRI
A26: 25 | B26: JAIPUR | C26: IRM KIT | D26: B6-INSTALLATION IRM KIT
A27: 26 | B27: JAIPUR | C27: IRM KIT | D27: A6 INSTALLATION IRM KIT | E27: 2
A28: 27 | B28: JAIPUR | C28: MOUNT BRACKET | D28: B6-MOUNTING BRACKET
A29: 28 | B29: JAIPUR | C29: MOUNT BRACKET | D29: A6 MOUNTING BRACKET | E29: 2
A30: 29 | B30: JAIPUR | C30: POLE MOUNT | D30: A6 GBM POLE MOUNT 1.6M | E30: 3
A31: 30 | B31: JAIPUR | C31: SFP | D31: SFP 10 G/S OPTICAL ETHERNET 10G BASE SR MM
A32: 31 | B32: JAIPUR | C32: SFP | D32: SFP MULTIMODE 10G - AIR FIBER | E32: 4
A33: 32 | B33: JAIPUR | C33: SFP | D33: SFP MULTIMODE 1G - AIR FIBER
A34: 33 | B34: JAIPUR | C34: ADAPTOR | D34: V1 TO V2 ADAPTER POWER CABLE
A35: 34 | B35: JAIPUR | C35: ANTENNA | D35: ANTENNA 850 | E35: 0
A36: 35 | B36: JAIPUR | C36: ANTENNA | D36: ANTENNA PENTABAND | E36: 0
A37: 36 | B37: JAIPUR | C37: ANTENNA | D37: BI SECTOR ANTENNA - 2300 MHZ | E37: 0
A38: 37 | B38: JAIPUR | C38: ANTENNA | D38: MB ANTENNA PACKING BOX | E38: 0
A39: 38 | B39: JAIPUR | C39: ANTENNA | D39: MB ANTENNA PACKING FOAM
A40: 39 | B40: JAIPUR | C40: CABLE | D40: CBL ELEC N-ARM 1.1KV BARECOPPER PVC 1C 6
A41: 40 | B41: JAIPUR | C41: CABLE ASIG | D41: AISG CABLE | E41: 0
A42: 41 | B42: JAIPUR | C42: CABLE CPRI | D42: CPRI 30M - V2
A43: 42 | B43: JAIPUR | C43: CABLE CPRI | D43: CPRI 40M - V2
A44: 43 | B44: JAIPUR | C44: CABLE EARTHING | D44: GROUNDING CABLE | E44: 40
A45: 44 | B45: JAIPUR | C45: CABLE POWER | D45: 30 MTR Power Cable - V2
A46: 45 | B46: JAIPUR | C46: CABLE POWER | D46: 40 MTR POWER CABLE V2
A47: 46 | B47: JAIPUR | C47: CABLE POWER | D47: POWER CABLE - V1
A48: 47 | B48: JAIPUR | C48: COLD SHRINK | D48: COLD SHRINK TUBE | E48: 0
A49: 48 | B49: JAIPUR | C49: IRM KIT | D49: IRM TB 850 MHZ
A50: 49 | B50: JAIPUR | C50: IRM KIT | D50: IRM-1800 (01 for 03 Sectors)
A51: 50 | B51: JAIPUR | C51: JUMPER | D51: Jumper - 02 MTR - 1800
A52: 51 | B52: JAIPUR | C52: JUMPER | D52: JUMPER - 02 MTR - 2300 & 850
A53: 52 | B53: JAIPUR | C53: JUMPER | D53: JUMPER - 10 MTR - 2300 & 850
A54: 53 | B54: JAIPUR | C54: PACKING BOX | D54: SINGLE BAND BOX SMALL
A55: 54 | B55: JAIPUR | C55: PACKING BOX | D55: SINGLE BAND BOX BIG
A56: 55 | B56: JAIPUR | C56: PACKING BOX | D56: MULTIBAND BOX | E56: 0
A57: 56 | B57: JAIPUR | C57: PACKING BOX | D57: PB BOX
A58: 57 | B58: JAIPUR | C58: PACKING BOX | D58: RRH BOX
A59: 58 | B59: JAIPUR | C59: PACKING FOAM | D59: PACKING FOAM | E59: 0
A60: 59 | B60: JAIPUR | C60: RDU | D60: RDU IRM
A61: 60 | B61: JAIPUR | C61: RDU | D61: RDU RAIL
A62: 61 | B62: JAIPUR | C62: RDU | D62: RDU WITH LCC2-B5D & LMD1-K5B
A63: 62 | B63: JAIPUR | C63: RDU | D63: RDU/CDU PWR CBL
A64: 63 | B64: JAIPUR | C64: RET CABLE | D64: RET CABLE | E64: 0
A65: 64 | B65: JAIPUR | C65: RET MOTOR | D65: RET MOTOR | E65: 0
A66: 65 | B66: JAIPUR | C66: RET MOTOR 850 | D66: RET MOTOR 850 | E66: 0
A67: 66 | B67: JAIPUR | C67: RRH | D67: 2300 160W RRH V2
A68: 67 | B68: JAIPUR | C68: RRH | D68: 2300 MHZ RRH - 80 WT - V2 RRH
A69: 68 | B69: JAIPUR | C69: RRH | D69: RRH 1800 MHz - 80 WT
A70: 69 | B70: JAIPUR | C70: RRH | D70: RRH 850 MHz - 80 WT
A71: 70 | B71: JAIPUR | C71: SFP | D71: 10G SFP
A72: 71 | B72: JAIPUR | C72: SFP | D72: RRH SFP 1800 MHZ
A73: 1 | B73: JODHPUR | C73: ANTENNA | D73: B6-DISH ANTENNA | E73: 2
A74: 2 | B74: JODHPUR | C74: ANTENNA | D74: A6 RADIO ODU | E74: 7
A75: 3 | B75: JODHPUR | C75: ANTENNA | D75: B6 RADIO ODU | E75: 2
A76: 4 | B76: JODHPUR | C76: CABLE | D76: B6-LOGIN CABLE
A77: 5 | B77: JODHPUR | C77: CABLE | D77: CBL ELEC N-ARM 1.1KV AL PVC 1C 10 SQ.MM. | E77: 100
A78: 6 | B78: JODHPUR | C78: CABLE CAT-6 | D78: B6-CABLE CAT-6 UTP (B6-LOGIN CABLE)
A79: 7 | B79: JODHPUR | C79: CABLE CAT-6 | D79: B6-CABLE CAT-6 UTP (B6-LOGIN CABLE-50 MTR) | E79: 0
A80: 8 | B80: JODHPUR | C80: CABLE CAT-6 | D80: B6-CABLE CAT-6 UTP (B6-LOGIN CABLE-60 MTR) | E80: 2
A81: 9 | B81: JODHPUR | C81: CABLE CPRI | D81: B6-CPRI CABLE 50 MTR - (MULTIMODE) | E81: 1
A82: 10 | B82: JODHPUR | C82: CABLE CPRI | D82: B6-CPRI CABLE 60 MTR - (MULTIMODE) | E82: 0
A83: 11 | B83: JODHPUR | C83: CABLE CPRI | D83: CPRI CABLE 05 MTR - (MULTIMODE) | E83: 7
A84: 12 | B84: JODHPUR | C84: CABLE CPRI | D84: CPRI CABLE 30 MTR - (MULTIMODE) | E84: 0
A85: 13 | B85: JODHPUR | C85: CABLE CPRI | D85: CPRI CABLE 40 MTR - (MULTIMODE)
A86: 14 | B86: JODHPUR | C86: CABLE CPRI | D86: CPRI CABLE 70 MTR - (MULTIMODE)
A87: 15 | B87: JODHPUR | C87: CABLE CPRI | D87: FIBER,LC DUP PC-LC DUP APC,SM,3MTR
A88: 16 | B88: JODHPUR | C88: CABLE EARTHING | D88: EARTHING CABLE
A89: 17 | B89: JODHPUR | C89: CABLE POWER | D89: POWER CABLE 30 MTR (MULTIMODE)
A90: 18 | B90: JODHPUR | C90: CABLE POWER | D90: POWER CABLE 40 MTR (MULTIMODE) | E90: 2
A91: 19 | B91: JODHPUR | C91: CABLE POWER | D91: POWER CABLE 50 MTR (MULTIMODE) | E91: 2
A92: 20 | B92: JODHPUR | C92: CABLE POWER | D92: POWER CABLE 60 MTR (MULTIMODE) | E92: 4
A93: 21 | B93: JODHPUR | C93: CABLE POWER | D93: POWER CABLE 70 MTR (MULTIMODE)
A94: 22 | B94: JODHPUR | C94: CLAMP | D94: EARTHING CLAMP | E94: 0
A95: 23 | B95: JODHPUR | C95: CLAMP | D95: GRIPPING CLAMP-STUB
A96: 24 | B96: JODHPUR | C96: GLAND | D96: GLAND FREED FROM CPRI
A97: 25 | B97: JODHPUR | C97: IRM KIT | D97: B6-INSTALLATION IRM KIT | E97: 2
A98: 26 | B98: JODHPUR | C98: IRM KIT | D98: INSTALLATION IRM KIT | E98: 6
A99: 27 | B99: JODHPUR | C99: MOUNT BRACKET | D99: B6-MOUNTING BRACKET | E99: 2
A100: 28 | B100: JODHPUR | C100: MOUNT BRACKET | D100: MOUNTING BRACKET | E100: 6
...

Sheet JIO MIN
A1: JIO MIN
A2: SL NO | B2: WAREHOUSE | C2: MATERIAL | D2: DISCRIPTION | E2: 46093
A3: 1 | B3: JAIPUR | C3: ANTENNA | D3: B6-DISH ANTENNA | E3: 2
A4: 2 | B4: JAIPUR | C4: ANTENNA | D4: A6 RADIO ODU | E4: 8
A5: 3 | B5: JAIPUR | C5: ANTENNA | D5: B6 RADIO ODU | E5: 2
A6: 4 | B6: JAIPUR | C6: CABLE | D6: B6-LOGIN CABLE
A7: 5 | B7: JAIPUR | C7: CABLE | D7: CBL ELEC N-ARM 1.1KV AL PVC 1C 10 SQ.MM. | E7: 20
A8: 6 | B8: JAIPUR | C8: CABLE CAT-6 | D8: B6-CABLE CAT-6 UTP (B6-LOGIN CABLE 40 MTR)
A9: 7 | B9: JAIPUR | C9: CABLE CAT-6 | D9: B6-CABLE CAT-6 UTP (B6-LOGIN CABLE-50 MTR) | E9: 2
A10: 8 | B10: JAIPUR | C10: CABLE CAT-6 | D10: B6-CABLE CAT-6 UTP (B6-LOGIN CABLE-60 MTR)
A11: 9 | B11: JAIPUR | C11: CABLE CPRI | D11: B6-CPRI CABLE 50 MTR - (MULTIMODE) | E11: 1
A12: 10 | B12: JAIPUR | C12: CABLE CPRI | D12: B6-CPRI CABLE 60 MTR - (MULTIMODE)
A13: 11 | B13: JAIPUR | C13: CABLE CPRI | D13: CPRI CABLE 05 MTR - (MULTIMODE) | E13: 8
A14: 12 | B14: JAIPUR | C14: CABLE CPRI | D14: CPRI CABLE 30 MTR - (MULTIMODE)
A15: 13 | B15: JAIPUR | C15: CABLE CPRI | D15: CPRI CABLE 40 MTR - (MULTIMODE)
A16: 14 | B16: JAIPUR | C16: CABLE CPRI | D16: CPRI CABLE 70 MTR - (MULTIMODE)
A17: 15 | B17: JAIPUR | C17: CABLE CPRI | D17: FIBER,LC DUP PC-LC DUP APC,SM,3MTR
A18: 16 | B18: JAIPUR | C18: CABLE EARTHING | D18: B6 EARTHING CABLE
A19: 17 | B19: JAIPUR | C19: CABLE POWER | D19: POWER CABLE 30 MTR (MULTIMODE)
A20: 18 | B20: JAIPUR | C20: CABLE POWER | D20: POWER CABLE 40 MTR (MULTIMODE)
A21: 19 | B21: JAIPUR | C21: CABLE POWER | D21: POWER CABLE 50 MTR (MULTIMODE) | E21: 7
A22: 20 | B22: JAIPUR | C22: CABLE POWER | D22: POWER CABLE 60 MTR (MULTIMODE) | E22: 3
A23: 21 | B23: JAIPUR | C23: CABLE POWER | D23: POWER CABLE 70 MTR (MULTIMODE)
A24: 22 | B24: JAIPUR | C24: CLAMP | D24: EARTHING CLAMP | E24: 1
A25: 23 | B25: JAIPUR | C25: CLAMP | D25: GRIPPING CLAMP-STUB
A26: 24 | B26: JAIPUR | C26: GLAND | D26: GLAND FREED FROM CPRI
A27: 25 | B27: JAIPUR | C27: IRM KIT | D27: B6-INSTALLATION IRM KIT | E27: 2
A28: 26 | B28: JAIPUR | C28: IRM KIT | D28: A6 INSTALLATION IRM KIT | E28: 8
A29: 27 | B29: JAIPUR | C29: MOUNT BRACKET | D29: B6-MOUNTING BRACKET | E29: 2
A30: 28 | B30: JAIPUR | C30: MOUNT BRACKET | D30: A6 MOUNTING BRACKET | E30: 8
A31: 29 | B31: JAIPUR | C31: POLE MOUNT | D31: A6 GBM POLE MOUNT 1.6M
A32: 30 | B32: JAIPUR | C32: SFP | D32: SFP 10 G/S OPTICAL ETHERNET 10G BASE SR MM
A33: 31 | B33: JAIPUR | C33: SFP | D33: SFP MULTIMODE 10G - AIR FIBER | E33: 18
A34: 32 | B34: JAIPUR | C34: SFP | D34: SFP MULTIMODE 1G - AIR FIBER
A35: 33 | B35: JAIPUR | C35: ADAPTOR | D35: V1 TO V2 ADAPTER POWER CABLE
A36: 34 | B36: JAIPUR | C36: ANTENNA | D36: ANTENNA 850
A37: 35 | B37: JAIPUR | C37: ANTENNA | D37: ANTENNA PENTABAND | E37: 8
A38: 36 | B38: JAIPUR | C38: ANTENNA | D38: BI SECTOR ANTENNA - 2300 MHZ
A39: 37 | B39: JAIPUR | C39: ANTENNA | D39: MB ANTENNA PACKING BOX | E39: 15
A40: 38 | B40: JAIPUR | C40: ANTENNA | D40: MB ANTENNA PACKING FOAM | E40: 2
A41: 39 | B41: JAIPUR | C41: CABLE | D41: CBL ELEC N-ARM 1.1KV BARECOPPER PVC 1C 6
A42: 40 | B42: JAIPUR | C42: CABLE ASIG | D42: AISG CABLE
A43: 41 | B43: JAIPUR | C43: CABLE CPRI | D43: CPRI 30M - V2
A44: 42 | B44: JAIPUR | C44: CABLE CPRI | D44: CPRI 40M - V2
A45: 43 | B45: JAIPUR | C45: CABLE EARTHING | D45: GROUNDING CABLE
A46: 44 | B46: JAIPUR | C46: CABLE POWER | D46: 30 MTR Power Cable - V2
A47: 45 | B47: JAIPUR | C47: CABLE POWER | D47: 40 MTR POWER CABLE V2
A48: 46 | B48: JAIPUR | C48: CABLE POWER | D48: POWER CABLE - V1
A49: 47 | B49: JAIPUR | C49: COLD SHRINK | D49: COLD SHRINK TUBE | E49: 46
A50: 48 | B50: JAIPUR | C50: IRM KIT | D50: IRM TB 850 MHZ
A51: 49 | B51: JAIPUR | C51: IRM KIT | D51: IRM-1800 (01 for 03 Sectors)
A52: 50 | B52: JAIPUR | C52: JUMPER | D52: Jumper - 02 MTR - 1800
A53: 51 | B53: JAIPUR | C53: JUMPER | D53: JUMPER - 02 MTR - 2300 & 850
A54: 52 | B54: JAIPUR | C54: JUMPER | D54: JUMPER - 10 MTR - 2300 & 850
A55: 53 | B55: JAIPUR | C55: PACKING BOX | D55: SINGLE BAND BOX SMALL
A56: 54 | B56: JAIPUR | C56: PACKING BOX | D56: SINGLE BAND BOX BIG
A57: 55 | B57: JAIPUR | C57: PACKING BOX | D57: MULTIBAND BOX
A58: 56 | B58: JAIPUR | C58: PACKING BOX | D58: PB BOX
A59: 57 | B59: JAIPUR | C59: PACKING BOX | D59: RRH BOX
A60: 58 | B60: JAIPUR | C60: PACKING FOAM | D60: PACKING FOAM
A61: 59 | B61: JAIPUR | C61: RDU | D61: RDU IRM
... A64: 62 | B64: JAIPUR | C64: RDU | D64: RDU/CDU PWR CBL
A65: 63 | B65: JAIPUR | C65: RET CABLE | D65: RET CABLE | E65: 8
A66: 64 | B66: JAIPUR | C66: RET MOTOR | D66: RET MOTOR
A67: 65 | B67: JAIPUR | C67: RET MOTOR 850 | D67: RET MOTOR 850
A68: 66 | B68: JAIPUR | C68: RRH | D68: 2300 160W RRH V2
A69: 67 | B69: JAIPUR | C69: RRH | D69: 2300 MHZ RRH - 80 WT - V2 RRH
A70: 68 | B70: JAIPUR | C70: RRH | D70: RRH 1800 MHz - 80 WT
A71: 69 | B71: JAIPUR | C71: RRH | D71: RRH 850 MHz - 80 WT
A72: 70 | B72: JAIPUR | C72: SFP | D72: 10G SFP
A73: 71 | B73: JAIPUR | C73: SFP | D73: RRH SFP 1800 MHZ
A74: 1 | B74: JODHPUR | C74: ANTENNA | D74: B6-DISH ANTENNA | E74: 12
A75: 2 | B75: JODHPUR | C75: ANTENNA | D75: A6 RADIO ODU | E75: 20
A76: 3 | B76: JODHPUR | C76: ANTENNA | D76: B6 RADIO ODU | E76: 12
A77: 4 | B77: JODHPUR | C77: CABLE | D77: B6-LOGIN CABLE
A78: 5 | B78: JODHPUR | C78: CABLE | D78: CBL ELEC N-ARM 1.1KV AL PVC 1C 10 SQ.MM. | E78: 120
A79: 6 | B79: JODHPUR | C79: CABLE CAT-6 | D79: B6-CABLE CAT-6 UTP (B6-LOGIN CABLE 40 MTR) | E79: 12
A80: 7 | B80: JODHPUR | C80: CABLE CAT-6 | D80: B6-CABLE CAT-6 UTP (B6-LOGIN CABLE-50 MTR)
A81: 8 | B81: JODHPUR | C81: CABLE CAT-6 | D81: B6-CABLE CAT-6 UTP (B6-LOGIN CABLE-60 MTR)
A82: 9 | B82: JODHPUR | C82: CABLE CPRI | D82: B6-CPRI CABLE 50 MTR - (MULTIMODE) | E82: 6
A83: 10 | B83: JODHPUR | C83: CABLE CPRI | D83: B6-CPRI CABLE 60 MTR - (MULTIMODE)
A84: 11 | B84: JODHPUR | C84: CABLE CPRI | D84: CPRI CABLE 05 MTR - (MULTIMODE) | E84: 19
A85: 12 | B85: JODHPUR | C85: CABLE CPRI | D85: CPRI CABLE 30 MTR - (MULTIMODE)
A86: 13 | B86: JODHPUR | C86: CABLE CPRI | D86: CPRI CABLE 40 MTR - (MULTIMODE)
A87: 14 | B87: JODHPUR | C87: CABLE CPRI | D87: CPRI CABLE 70 MTR - (MULTIMODE)
A88: 15 | B88: JODHPUR | C88: CABLE CPRI | D88: FIBER,LC DUP PC-LC DUP APC,SM,3MTR
A89: 16 | B89: JODHPUR | C89: CABLE EARTHING | D89: EARTHING CABLE
A90: 17 | B90: JODHPUR | C90: CABLE POWER | D90: POWER CABLE 30 MTR (MULTIMODE)
A91: 18 | B91: JODHPUR | C91: CABLE POWER | D91: POWER CABLE 40 MTR (MULTIMODE) | E91: 6
A92: 19 | B92: JODHPUR | C92: CABLE POWER | D92: POWER CABLE 50 MTR (MULTIMODE) | E92: 25
A93: 20 | B93: JODHPUR | C93: CABLE POWER | D93: POWER CABLE 60 MTR (MULTIMODE)
A94: 21 | B94: JODHPUR | C94: CABLE POWER | D94: POWER CABLE 70 MTR (MULTIMODE)
A95: 22 | B95: JODHPUR | C95: CLAMP | D95: EARTHING CLAMP | E95: 1
A96: 23 | B96: JODHPUR | C96: CLAMP | D96: GRIPPING CLAMP-STUB
A97: 24 | B97: JODHPUR | C97: GLAND | D97: GLAND FREED FROM CPRI
A98: 25 | B98: JODHPUR | C98: IRM KIT | D98: B6-INSTALLATION IRM KIT | E98: 12
A99: 26 | B99: JODHPUR | C99: IRM KIT | D99: A6 INSTALLATION IRM KIT | E99: 19
A100: 27 | B100: JODHPUR | C100: MOUNT BRACKET | D100: B6-MOUNTING BRACKET | E100: 12
A101: 28 | B101: JODHPUR | C101: MOUNT BRACKET | D101: A6 MOUNTING BRACKET | E101: 19
A102: 29 | B102: JODHPUR | C102: POLE MOUNT | D102: A6 GBM POLE MOUNT 1.6M
...

Sheet JIO MRN
A1: JIO MRN
A2: SL NO | B2: WAREHOUSE | C2: MATERIAL | D2: DISCRIPTION | E2: 46093
A3: 1 | B3: JAIPUR | C3: ANTENNA | D3: B6-DISH ANTENNA
A4: 2 | B4: JAIPUR | C4: ANTENNA | D4: A6 RADIO ODU
A5: 3 | B5: JAIPUR | C5: ANTENNA | D5: B6 RADIO ODU
A6: 4 | B6: JAIPUR | C6: CABLE | D6: B6-LOGIN CABLE
A7: 5 | B7: JAIPUR | C7: CABLE | D7: CBL ELEC N-ARM 1.1KV AL PVC 1C 10 SQ.MM.
A8: 6 | B8: JAIPUR | C8: CABLE CAT-6 | D8: B6-CABLE CAT-6 UTP (B6-LOGIN CABLE)
A9: 7 | B9: JAIPUR | C9: CABLE CAT-6 | D9: B6-CABLE CAT-6 UTP (B6-LOGIN CABLE-50 MTR)
A10: 8 | B10: JAIPUR | C10: CABLE CAT-6 | D10: B6-CABLE CAT-6 UTP (B6-LOGIN CABLE-60 MTR)
A11: 9 | B11: JAIPUR | C11: CABLE CPRI | D11: B6-CPRI CABLE 50 MTR - (MULTIMODE)
A12: 10 | B12: JAIPUR | C12: CABLE CPRI | D12: B6-CPRI CABLE 60 MTR - (MULTIMODE)
A13: 11 | B13: JAIPUR | C13: CABLE CPRI | D13: CPRI CABLE 05 MTR - (MULTIMODE)
A14: 12 | B14: JAIPUR | C14: CABLE CPRI | D14: CPRI CABLE 30 MTR - (MULTIMODE)
... A235: 10 | B235: LUCKNOW | C235: MM WAVE | D235: A6 GBM POLE MOUNT 1.6M

Sheet TEAM OUT
A1: TEAM MATERIAL OUT DATE
A2: SL NO | B2: WAREHOUSE | C2: MATERIAL | D2: DISCRIPTION | E2: 46093
A3: 1 | B3: JAIPUR | C3: ANTENNA | D3: B6-DISH ANTENNA
A4: 2 | B4: JAIPUR | C4: ANTENNA | D4: A6 RADIO ODU
A5: 3 | B5: JAIPUR | C5: ANTENNA | D5: B6 RADIO ODU
A6: 4 | B6: JAIPUR | C6: CABLE | D6: B6-LOGIN CABLE
A7: 5 | B7: JAIPUR | C7: CABLE | D7: CBL ELEC N-ARM 1.1KV AL PVC 1C 10 SQ.MM.
A8: 6 | B8: JAIPUR | C8: CABLE CAT-6 | D8: B6-CABLE CAT-6 UTP (B6-LOGIN CABLE)
A9: 7 | B9: JAIPUR | C9: CABLE CAT-6 | D9: B6-CABLE CAT-6 UTP (B6-LOGIN CABLE-50 MTR)
A10: 8 | B10: JAIPUR | C10: CABLE CAT-6 | D10: B6-CABLE CAT-6 UTP (B6-LOGIN CABLE-60 MTR)
A11: 9 | B11: JAIPUR | C11: CABLE CPRI | D11: B6-CPRI CABLE 50 MTR - (MULTIMODE)
A12: 10 | B12: JAIPUR | C12: CABLE CPRI | D12: B6-CPRI CABLE 60 MTR - (MULTIMODE)
A13: 11 | B13: JAIPUR | C13: CABLE CPRI | D13: CPRI CABLE 05 MTR - (MULTIMODE)
A14: 12 | B14: JAIPUR | C14: CABLE CPRI | D14: CPRI CABLE 30 MTR - (MULTIMODE)
... A235: 10 | B235: LUCKNOW | C235: MM WAVE | D235: A6 GBM POLE MOUNT 1.6M

Sheet TEAM IN
A1: TEAM MATERIAL IN DATE
A2: SL NO | B2: WAREHOUSE | C2: MATERIAL | D2: DISCRIPTION | E2: 46093
A3: 1 | B3: JAIPUR | C3: ANTENNA | D3: B6-DISH ANTENNA
A4: 2 | B4: JAIPUR | C4: ANTENNA | D4: A6 RADIO ODU
A5: 3 | B5: JAIPUR | C5: ANTENNA | D5: B6 RADIO ODU
A6: 4 | B6: JAIPUR | C6: CABLE | D6: B6-LOGIN CABLE
A7: 5 | B7: JAIPUR | C7: CABLE | D7: CBL ELEC N-ARM 1.1KV AL PVC 1C 10 SQ.MM.
A8: 6 | B8: JAIPUR | C8: CABLE CAT-6 | D8: B6-CABLE CAT-6 UTP (B6-LOGIN CABLE)
A9: 7 | B9: JAIPUR | C9: CABLE CAT-6 | D9: B6-CABLE CAT-6 UTP (B6-LOGIN CABLE-50 MTR)
A10: 8 | B10: JAIPUR | C10: CABLE CAT-6 | D10: B6-CABLE CAT-6 UTP (B6-LOGIN CABLE-60 MTR)
A11: 9 | B11: JAIPUR | C11: CABLE CPRI | D11: B6-CPRI CABLE 50 MTR - (MULTIMODE)
A12: 10 | B12: JAIPUR | C12: CABLE CPRI | D12: B6-CPRI CABLE 60 MTR - (MULTIMODE)
A13: 11 | B13: JAIPUR | C13: CABLE CPRI | D13: CPRI CABLE 05 MTR - (MULTIMODE)
A14: 12 | B14: JAIPUR | C14: CABLE CPRI | D14: CPRI CABLE 30 MTR - (MULTIMODE)
... A145: 1 | B145: LUCKNOW | C145: ANTENNA | D145: B6-DISH ANTENNA
A146: 2 | B146: LUCKNOW | C146: ANTENNA | D146: A6 RADIO ODU | E146: 1
A147: 3 | B147: LUCKNOW | C147: ANTENNA | D147: B6 RADIO ODU
A148: 4 | B148: LUCKNOW | C148: CABLE | D148: B6-LOGIN CABLE
A149: 5 | B149: LUCKNOW | C149: CABLE | D149: CBL ELEC N-ARM 1.1KV AL PVC 1C 10 SQ.MM.
A150: 6 | B150: LUCKNOW | C150: CABLE CAT-6 | D150: B6-CABLE CAT-6 UTP (B6-LOGIN CABLE)
A151: 7 | B151: LUCKNOW | C151: CABLE CAT-6 | D151: B6-CABLE CAT-6 UTP (B6-LOGIN CABLE-50 MTR)
A152: 8 | B152: LUCKNOW | C152: CABLE CAT-6 | D152: B6-CABLE CAT-6 UTP (B6-LOGIN CABLE-60 MTR)
A153: 9 | B153: LUCKNOW | C153: CABLE CPRI | D153: B6-CPRI CABLE 50 MTR - (MULTIMODE)
A154: 10 | B154: LUCKNOW | C154: CABLE CPRI | D154: B6-CPRI CABLE 60 MTR - (MULTIMODE)
A155: 11 | B155: LUCKNOW | C155: CABLE CPRI | D155: CPRI CABLE 05 MTR - (MULTIMODE)
A156: 12 | B156: LUCKNOW | C156: CABLE CPRI | D156: CPRI CABLE 30 MTR - (MULTIMODE)
A157: 13 | B157: LUCKNOW | C157: CABLE CPRI | D157: CPRI CABLE 40 MTR - (MULTIMODE)
A158: 14 | B158: LUCKNOW | C158: CABLE CPRI | D158: CPRI CABLE 70 MTR - (MULTIMODE)
... A162: 18 | B162: LUCKNOW | C162: CABLE POWER | D162: POWER CABLE 40 MTR (MULTIMODE)
A163: 19 | B163: LUCKNOW | C163: CABLE POWER | D163: POWER CABLE 50 MTR (MULTIMODE) | E163: 1
A164: 20 | B164: LUCKNOW | C164: CABLE POWER | D164: POWER CABLE 60 MTR (MULTIMODE)
A165: 21 | B165: LUCKNOW | C165: CABLE POWER | D165: POWER CABLE 70 MTR (MULTIMODE)
A166: 22 | B166: LUCKNOW | C166: CLAMP | D166: EARTHING CLAMP
A167: 23 | B167: LUCKNOW | C167: CLAMP | D167: GRIPPING CLAMP-STUB
A168: 24 | B168: LUCKNOW | C168: GLAND | D168: GLAND FREED FROM CPRI
A169: 25 | B169: LUCKNOW | C169: IRM KIT | D169: B6-INSTALLATION IRM KIT
A170: 26 | B170: LUCKNOW | C170: IRM KIT | D170: A6 INSTALLATION IRM KIT | E170: 1
A171: 27 | B171: LUCKNOW | C171: MOUNT BRACKET | D171: B6-MOUNTING BRACKET
A172: 28 | B172: LUCKNOW | C172: MOUNT BRACKET | D172: A6 MOUNTING BRACKET | E172: 1
A173: 29 | B173: LUCKNOW | C173: POLE MOUNT | D173: A6 GBM POLE MOUNT 1.6M
A174: 30 | B174: LUCKNOW | C174: SFP | D174: SFP 10 G/S OPTICAL ETHERNET 10G BASE SR MM
A175: 31 | B175: LUCKNOW | C175: SFP | D175: SFP MULTIMODE 10G - AIR FIBER
A176: 32 | B176: LUCKNOW | C176: SFP | D176: SFP MULTIMODE 1G - AIR FIBER
A177: 33 | B177: LUCKNOW | C177: ADAPTOR | D177: V1 TO V2 ADAPTER POWER CABLE
A178: 34 | B178: LUCKNOW | C178: ANTENNA | D178: ANTENNA 850
A179: 35 | B179: LUCKNOW | C179: ANTENNA | D179: ANTENNA PENTABAND
A180: 36 | B180: LUCKNOW | C180: ANTENNA | D180: BI SECTOR ANTENNA - 2300 MHZ
A181: 37 | B181: LUCKNOW | C181: ANTENNA | D181: MB ANTENNA PACKING BOX
A182: 38 | B182: LUCKNOW | C182: ANTENNA | D182: MB ANTENNA PACKING FOAM
A183: 39 | B183: LUCKNOW | C183: CABLE | D183: CBL ELEC N-ARM 1.1KV BARECOPPER PVC 1C 6
A184: 40 | B184: LUCKNOW | C184: CABLE ASIG | D184: AISG CABLE
... A235: 10 | B235: LUCKNOW | C235: MM WAVE | D235: A6 GBM POLE MOUNT 1.6M

Sheet SUMMARY
A1: SL NO | B1: WAREHOUSE NAME | C1: MATERIAL NAME | D1: REMARKS | E1: QTY | F1: 46092 | K1: NEXT DAY STOCK 11-Mar-26 | L1: DIFFERENCE
F2: WAREHOUSE | H2: FIELD | J2: F QTY
F3: MIN + | G3: MRN - | H3: TEAM OUT - | I3: TEAM IN +
A4: 1 | B4: JAIPUR | C4: ANTENNA | D4: B6-DISH ANTENNA | E4: =STOCK!E2 -> 0 | F4: ='JIO MIN'!E3 -> 2 | G4: ='JIO MRN'!E3 -> 0 | H4: ='TEAM OUT'!E3 -> 0 | I4: ='TEAM IN'!E3 -> 0 | J4: =E4+F4-G4-H4+I4 -> 2 | K4: 2 | L4: =J4-K4 -> 0
A5: 2 | B5: JAIPUR | C5: ANTENNA | D5: A6 RADIO ODU | E5: =STOCK!E3 -> 2 | F5: ='JIO MIN'!E4 -> 8 | G5: ='JIO MRN'!E4 -> 0 | H5: ='TEAM OUT'!E4 -> 0 | I5: ='TEAM IN'!E4 -> 0 | J5: =E5+F5-G5-H5+I5 -> 10 | K5: 10 | L5: =J5-K5 -> 0
A6: 3 | B6: JAIPUR | C6: ANTENNA | D6: B6 RADIO ODU | E6: =STOCK!E4 -> 0 | F6: ='JIO MIN'!E5 -> 2 | G6: ='JIO MRN'!E5 -> 0 | H6: ='TEAM OUT'!E5 -> 0 | I6: ='TEAM IN'!E5 -> 0 | J6: =E6+F6-G6-H6+I6 -> 2 | K6: 2 | L6: =J6-K6 -> 0
A7: 4 | B7: JAIPUR | C7: CABLE | D7: B6-LOGIN CABLE | E7: =STOCK!E5 -> 0 | F7: ='JIO MIN'!E6 -> 0 | G7: ='JIO MRN'!E6 -> 0 | H7: ='TEAM OUT'!E6 -> 0 | I7: ='TEAM IN'!E6 -> 0 | J7: =E7+F7-G7-H7+I7 -> 0 | L7: =J7-K7 -> 0
A8: 5 | B8: JAIPUR | C8: CABLE | D8: CBL ELEC N-ARM 1.1KV AL PVC 1C 10 SQ.MM. | E8: =STOCK!E6 -> 0 | F8: ='JIO MIN'!E7 -> 20 | G8: ='JIO MRN'!E7 -> 0 | H8: ='TEAM OUT'!E7 -> 0 | I8: ='TEAM IN'!E7 -> 0 | J8: =E8+F8-G8-H8+I8 -> 20 | K8: 20 | L8: =J8-K8 -> 0
A9: 6 | B9: JAIPUR | C9: CABLE CAT-6 | D9: B6-CABLE CAT-6 UTP (B6-LOGIN CABLE) | E9: =STOCK!E7 -> 0 | F9: ='JIO MIN'!E8 -> 0 | G9: ='JIO MRN'!E8 -> 0 | H9: ='TEAM OUT'!E8 -> 0 | I9: ='TEAM IN'!E8 -> 0 | J9: =E9+F9-G9-H9+I9 -> 0 | L9: =J9-K9 -> 0
A10: 7 | B10: JAIPUR | C10: CABLE CAT-6 | D10: B6-CABLE CAT-6 UTP (B6-LOGIN CABLE-50 MTR) | E10: =STOCK!E8 -> 0 | F10: ='JIO MIN'!E9 -> 2 | G10: ='JIO MRN'!E9 -> 0 | H10: ='TEAM OUT'!E9 -> 0 | I10: ='TEAM IN'!E9 -> 0 | J10: =E10+F10-G10-H10+I10 -> 2 | K10: 2 | L10: =J10-K10 -> 0
A11: 8 | B11: JAIPUR | C11: CABLE CAT-6 | D11: B6-CABLE CAT-6 UTP (B6-LOGIN CABLE-60 MTR) | E11: =STOCK!E9 -> 0 | F11: ='JIO MIN'!E10 -> 0 | G11: ='JIO MRN'!E10 -> 0 | H11: ='TEAM OUT'!E10 -> 0 | I11: ='TEAM IN'!E10 -> 0 | J11: =E11+F11-G11-H11+I11 -> 0 | L11: =J11-K11 -> 0
A12: 9 | B12: JAIPUR | C12: CABLE CPRI | D12: B6-CPRI CABLE 50 MTR - (MULTIMODE) | E12: =STOCK!E10 -> 0 | F12: ='JIO MIN'!E11 -> 1 | G12: ='JIO MRN'!E11 -> 0 | H12: ='TEAM OUT'!E11 -> 0 | I12: ='TEAM IN'!E11 -> 0 | J12: =E12+F12-G12-H12+I12 -> 1 | K12: 1 | L12: =J12-K12 -> 0
A13: 10 | B13: JAIPUR | C13: CABLE CPRI | D13: B6-CPRI CABLE 60 MTR - (MULTIMODE) | E13: =STOCK!E11 -> 0 | F13: ='JIO MIN'!E12 -> 0 | G13: ='JIO MRN'!E12 -> 0 | H13: ='TEAM OUT'!E12 -> 0 | I13: ='TEAM IN'!E12 -> 0 | J13: =E13+F13-G13-H13+I13 -> 0 | L13: =J13-K13 -> 0
A14: 11 | B14: JAIPUR | C14: CABLE CPRI | D14: CPRI CABLE 05 MTR - (MULTIMODE) | E14: =STOCK!E12 -> 3 | F14: ='JIO MIN'!E13 -> 8 | G14: ='JIO MRN'!E13 -> 0 | H14: ='TEAM OUT'!E13 -> 0 | I14: ='TEAM IN'!E13 -> 0 | J14: =E14+F14-G14-H14+I14 -> 11 | K14: 11 | L14: =J14-K14 -> 0
A15: 12 | B15: JAIPUR | C15: CABLE CPRI | D15: CPRI CABLE 30 MTR - (MULTIMODE) | E15: =STOCK!E13 -> 0 | F15: ='JIO MIN'!E14 -> 0 | G15: ='JIO MRN'!E14 -> 0 | H15: ='TEAM OUT'!E14 -> 0 | I15: ='TEAM IN'!E14 -> 0 | J15: =E15+F15-G15-H15+I15 -> 0 | L15: =J15-K15 -> 0
A16: 13 | B16: JAIPUR | C16: CABLE CPRI | D16: CPRI CABLE 40 MTR - (MULTIMODE) | E16: =STOCK!E14 -> 1 | F16: ='JIO MIN'!E15 -> 0 | G16: ='JIO MRN'!E15 -> 0 | H16: ='TEAM OUT'!E15 -> 0 | I16: ='TEAM IN'!E15 -> 0 | J16: =E16+F16-G16-H16+I16 -> 1 | K16: 1 | L16: =J16-K16 -> 0
A17: 14 | B17: JAIPUR | C17: CABLE CPRI | D17: CPRI CABLE 70 MTR - (MULTIMODE) | E17: =STOCK!E15 -> 0 | F17: ='JIO MIN'!E16 -> 0 | G17: ='JIO MRN'!E16 -> 0 | H17: ='TEAM OUT'!E16 -> 0 | I17: ='TEAM IN'!E16 -> 0 | J17: =E17+F17-G17-H17+I17 -> 0 | L17: =J17-K17 -> 0
A18: 15 | B18: JAIPUR | C18: CABLE CPRI | D18: FIBER,LC DUP PC-LC DUP APC,SM,3MTR | E18: =STOCK!E16 -> 0 | F18: ='JIO MIN'!E17 -> 0 | G18: ='JIO MRN'!E17 -> 0 | H18: ='TEAM OUT'!E17 -> 0 | I18: ='TEAM IN'!E17 -> 0 | J18: =E18+F18-G18-H18+I18 -> 0 | L18: =J18-K18 -> 0
A19: 16 | B19: JAIPUR | C19: CABLE EARTHING | D19: EARTHING CABLE | E19: =STOCK!E17 -> 0 | F19: ='JIO MIN'!E18 -> 0 | G19: ='JIO MRN'!E18 -> 0 | H19: ='TEAM OUT'!E18 -> 0 | I19: ='TEAM IN'!E18 -> 0 | J19: =E19+F19-G19-H19+I19 -> 0 | L19: =J19-K19 -> 0
A20: 17 | B20: JAIPUR | C20: CABLE POWER | D20: POWER CABLE 30 MTR (MULTIMODE) | E20: =STOCK!E18 -> 0 | F20: ='JIO MIN'!E19 -> 0 | G20: ='JIO MRN'!E19 -> 0 | H20: ='TEAM OUT'!E19 -> 0 | I20: ='TEAM IN'!E19 -> 0 | J20: =E20+F20-G20-H20+I20 -> 0 | L20: =J20-K20 -> 0
A21: 18 | B21: JAIPUR | C21: CABLE POWER | D21: POWER CABLE 40 MTR (MULTIMODE) | E21: =STOCK!E19 -> 0 | F21: ='JIO MIN'!E20 -> 0 | G21: ='JIO MRN'!E20 -> 0 | H21: ='TEAM OUT'!E20 -> 0 | I21: ='TEAM IN'!E20 -> 0 | J21: =E21+F21-G21-H21+I21 -> 0 | L21: =J21-K21 -> 0
A22: 19 | B22: JAIPUR | C22: CABLE POWER | D22: POWER CABLE 50 MTR (MULTIMODE) | E22: =STOCK!E20 -> 2 | F22: ='JIO MIN'!E21 -> 7 | G22: ='JIO MRN'!E21 -> 0 | H22: ='TEAM OUT'!E21 -> 0 | I22: ='TEAM IN'!E21 -> 0 | J22: =E22+F22-G22-H22+I22 -> 9 | K22: 9 | L22: =J22-K22 -> 0
A23: 20 | B23: JAIPUR | C23: CABLE POWER | D23: POWER CABLE 60 MTR (MULTIMODE) | E23: =STOCK!E21 -> 0 | F23: ='JIO MIN'!E22 -> 3 | G23: ='JIO MRN'!E22 -> 0 | H23: ='TEAM OUT'!E22 -> 0 | I23: ='TEAM IN'!E22 -> 0 | J23: =E23+F23-G23-H23+I23 -> 3 | K23: 3 | L23: =J23-K23 -> 0
A24: 21 | B24: JAIPUR | C24: CABLE POWER | D24: POWER CABLE 70 MTR (MULTIMODE) | E24: =STOCK!E22 -> 0 | F24: ='JIO MIN'!E23 -> 0 | G24: ='JIO MRN'!E23 -> 0 | H24: ='TEAM OUT'!E23 -> 0 | I24: ='TEAM IN'!E23 -> 0 | J24: =E24+F24-G24-H24+I24 -> 0 | L24: =J24-K24 -> 0
A25: 22 | B25: JAIPUR | C25: CLAMP | D25: EARTHING CLAMP | E25: =STOCK!E23 -> 0 | F25: ='JIO MIN'!E24 -> 1 | G25: ='JIO MRN'!E24 -> 0 | H25: ='TEAM OUT'!E24 -> 0 | I25: ='TEAM IN'!E24 -> 0 | J25: =E25+F25-G25-H25+I25 -> 1 | K25: 1 | L25: =J25-K25 -> 0
A26: 23 | B26: JAIPUR | C26: CLAMP | D26: GRIPPING CLAMP-STUB | E26: =STOCK!E24 -> 0 | F26: ='JIO MIN'!E25 -> 0 | G26: ='JIO MRN'!E25 -> 0 | H26: ='TEAM OUT'!E25 -> 0 | I26: ='TEAM IN'!E25 -> 0 | J26: =E26+F26-G26-H26+I26 -> 0 | L26: =J26-K26 -> 0
A27: 24 | B27: JAIPUR | C27: GLAND | D27: GLAND FREED FROM CPRI | E27: =STOCK!E25 -> 0 | F27: ='JIO MIN'!E26 -> 0 | G27: ='JIO MRN'!E26 -> 0 | H27: ='TEAM OUT'!E26 -> 0 | I27: ='TEAM IN'!E26 -> 0 | J27: =E27+F27-G27-H27+I27 -> 0 | L27: =J27-K27 -> 0
A28: 25 | B28: JAIPUR | C28: IRM KIT | D28: B6-INSTALLATION IRM KIT | E28: =STOCK!E26 -> 0 | F28: ='JIO MIN'!E27 -> 2 | G28: ='JIO MRN'!E27 -> 0 | H28: ='TEAM OUT'!E27 -> 0 | I28: ='TEAM IN'!E27 -> 0 | J28: =E28+F28-G28-H28+I28 -> 2 | K28: 2 | L28: =J28-K28 -> 0
A29: 26 | B29: JAIPUR | C29: IRM KIT | D29: A6 INSTALLATION IRM KIT | E29: =STOCK!E27 -> 2 | F29: ='JIO MIN'!E28 -> 8 | G29: ='JIO MRN'!E28 -> 0 | H29: ='TEAM OUT'!E28 -> 0 | I29: ='TEAM IN'!E28 -> 0 | J29: =E29+F29-G29-H29+I29 -> 10 | K29: 10 | L29: =J29-K29 -> 0
A30: 27 | B30: JAIPUR | C30: MOUNT BRACKET | D30: B6-MOUNTING BRACKET | E30: =STOCK!E28 -> 0 | F30: ='JIO MIN'!E29 -> 2 | G30: ='JIO MRN'!E29 -> 0 | H30: ='TEAM OUT'!E29 -> 0 | I30: ='TEAM IN'!E29 -> 0 | J30: =E30+F30-G30-H30+I30 -> 2 | K30: 2 | L30: =J30-K30 -> 0
A31: 28 | B31: JAIPUR | C31: MOUNT BRACKET | D31: A6 MOUNTING BRACKET | E31: =STOCK!E29 -> 2 | F31: ='JIO MIN'!E30 -> 8 | G31: ='JIO MRN'!E30 -> 0 | H31: ='TEAM OUT'!E30 -> 0 | I31: ='TEAM IN'!E30 -> 0 | J31: =E31+F31-G31-H31+I31 -> 10 | K31: 10 | L31: =J31-K31 -> 0
A32: 29 | B32: JAIPUR | C32: POLE MOUNT | D32: A6 GBM POLE MOUNT 1.6M | E32: =STOCK!E30 -> 3 | F32: ='JIO MIN'!E31 -> 0 | G32: ='JIO MRN'!E31 -> 0 | H32: ='TEAM OUT'!E31 -> 0 | I32: ='TEAM IN'!E31 -> 0 | J32: =E32+F32-G32-H32+I32 -> 3 | K32: 3 | L32: =J32-K32 -> 0
A33: 30 | B33: JAIPUR | C33: SFP | D33: SFP 10 G/S OPTICAL ETHERNET 10G BASE SR MM | E33: =STOCK!E31 -> 0 | F33: ='JIO MIN'!E32 -> 0 | G33: ='JIO MRN'!E32 -> 0 | H33: ='TEAM OUT'!E32 -> 0 | I33: ='TEAM IN'!E32 -> 0 | J33: =E33+F33-G33-H33+I33 -> 0 | L33: =J33-K33 -> 0
A34: 31 | B34: JAIPUR | C34: SFP | D34: SFP MULTIMODE 10G - AIR FIBER | E34: =STOCK!E32 -> 4 | F34: ='JIO MIN'!E33 -> 18 | G34: ='JIO MRN'!E33 -> 0 | H34: ='TEAM OUT'!E33 -> 0 | I34: ='TEAM IN'!E33 -> 0 | J34: =E34+F34-G34-H34+I34 -> 22 | K34: 22 | L34: =J34-K34 -> 0
A35: 32 | B35: JAIPUR | C35: SFP | D35: SFP MULTIMODE 1G - AIR FIBER | E35: =STOCK!E33 -> 0 | F35: ='JIO MIN'!E34 -> 0 | G35: ='JIO MRN'!E34 -> 0 | H35: ='TEAM OUT'!E34 -> 0 | I35: ='TEAM IN'!E34 -> 0 | J35: =E35+F35-G35-H35+I35 -> 0 | L35: =J35-K35 -> 0
A36: 33 | B36: JAIPUR | C36: ADAPTOR | D36: V1 TO V2 ADAPTER POWER CABLE | E36: =STOCK!E34 -> 0 | F36: ='JIO MIN'!E35 -> 0 | G36: ='JIO MRN'!E35 -> 0 | H36: ='TEAM OUT'!E35 -> 0 | I36: ='TEAM IN'!E35 -> 0 | J36: =E36+F36-G36-H36+I36 -> 0 | L36: =J36-K36 -> 0
A37: 34 | B37: JAIPUR | C37: ANTENNA | D37: ANTENNA 850 | E37: =STOCK!E35 -> 0 | F37: ='JIO MIN'!E36 -> 0 | G37: ='JIO MRN'!E36 -> 0 | H37: ='TEAM OUT'!E36 -> 0 | I37: ='TEAM IN'!E36 -> 0 | J37: =E37+F37-G37-H37+I37 -> 0 | K37: 0 | L37: =J37-K37 -> 0
A38: 35 | B38: JAIPUR | C38: ANTENNA | D38: ANTENNA PENTABAND | E38: =STOCK!E36 -> 0 | F38: ='JIO MIN'!E37 -> 8 | G38: ='JIO MRN'!E37 -> 0 | H38: ='TEAM OUT'!E37 -> 0 | I38: ='TEAM IN'!E37 -> 0 | J38: =E38+F38-G38-H38+I38 -> 8 | K38: 8 | L38: =J38-K38 -> 0
A39: 36 | B39: JAIPUR | C39: ANTENNA | D39: BI SECTOR ANTENNA - 2300 MHZ | E39: =STOCK!E37 -> 0 | F39: ='JIO MIN'!E38 -> 0 | G39: ='JIO MRN'!E38 -> 0 | H39: ='TEAM OUT'!E38 -> 0 | I39: ='TEAM IN'!E38 -> 0 | J39: =E39+F39-G39-H39+I39 -> 0 | K39: 0 | L39: =J39-K39 -> 0
A40: 37 | B40: JAIPUR | C40: ANTENNA | D40: MB ANTENNA PACKING BOX | E40: =STOCK!E38 -> 0 | F40: ='JIO MIN'!E39 -> 15 | G40: ='JIO MRN'!E39 -> 0 | H40: ='TEAM OUT'!E39 -> 0 | I40: ='TEAM IN'!E39 -> 0 | J40: =E40+F40-G40-H40+I40 -> 15 | K40: 15 | L40: =J40-K40 -> 0
A41: 38 | B41: JAIPUR | C41: ANTENNA | D41: MB ANTENNA PACKING FOAM | E41: =STOCK!E39 -> 0 | F41: ='JIO MIN'!E40 -> 2 | G41: ='JIO MRN'!E40 -> 0 | H41: ='TEAM OUT'!E40 -> 0 | I41: ='TEAM IN'!E40 -> 0 | J41: =E41+F41-G41-H41+I41 -> 2 | K41: 2 | L41: =J41-K41 -> 0
A42: 39 | B42: JAIPUR | C42: CABLE | D42: CBL ELEC N-ARM 1.1KV BARECOPPER PVC 1C 6 | E42: =STOCK!E40 -> 0 | F42: ='JIO MIN'!E41 -> 0 | G42: ='JIO MRN'!E41 -> 0 | H42: ='TEAM OUT'!E41 -> 0 | I42: ='TEAM IN'!E41 -> 0 | J42: =E42+F42-G42-H42+I42 -> 0 | L42: =J42-K42 -> 0
A43: 40 | B43: JAIPUR | C43: CABLE ASIG | D43: AISG CABLE | E43: =STOCK!E41 -> 0 | F43: ='JIO MIN'!E42 -> 0 | G43: ='JIO MRN'!E42 -> 0 | H43: ='TEAM OUT'!E42 -> 0 | I43: ='TEAM IN'!E42 -> 0 | J43: =E43+F43-G43-H43+I43 -> 0 | K43: 0 | L43: =J43-K43 -> 0
A44: 41 | B44: JAIPUR | C44: CABLE CPRI | D44: CPRI 30M - V2 | E44: =STOCK!E42 -> 0 | F44: ='JIO MIN'!E43 -> 0 | G44: ='JIO MRN'!E43 -> 0 | H44: ='TEAM OUT'!E43 -> 0 | I44: ='TEAM IN'!E43 -> 0 | J44: =E44+F44-G44-H44+I44 -> 0 | L44: =J44-K44 -> 0
A45: 42 | B45: JAIPUR | C45: CABLE CPRI | D45: CPRI 40M - V2 | E45: =STOCK!E43 -> 0 | F45: ='JIO MIN'!E44 -> 0 | G45: ='JIO MRN'!E44 -> 0 | H45: ='TEAM OUT'!E44 -> 0 | I45: ='TEAM IN'!E44 -> 0 | J45: =E45+F45-G45-H45+I45 -> 0 | L45: =J45-K45 -> 0
A46: 43 | B46: JAIPUR | C46: CABLE EARTHING | D46: GROUNDING CABLE | E46: =STOCK!E44 -> 40 | F46: ='JIO MIN'!E45 -> 0 | G46: ='JIO MRN'!E45 -> 0 | H46: ='TEAM OUT'!E45 -> 0 | I46: ='TEAM IN'!E45 -> 0 | J46: =E46+F46-G46-H46+I46 -> 40 | K46: 40 | L46: =J46-K46 -> 0
A47: 44 | B47: JAIPUR | C47: CABLE POWER | D47: 30 MTR Power Cable - V2 | E47: =STOCK!E45 -> 0 | F47: ='JIO MIN'!E46 -> 0 | G47: ='JIO MRN'!E46 -> 0 | H47: ='TEAM OUT'!E46 -> 0 | I47: ='TEAM IN'!E46 -> 0 | J47: =E47+F47-G47-H47+I47 -> 0 | L47: =J47-K47 -> 0
A48: 45 | B48: JAIPUR | C48: CABLE POWER | D48: 40 MTR POWER CABLE V2 | E48: =STOCK!E46 -> 0 | F48: ='JIO MIN'!E47 -> 0 | G48: ='JIO MRN'!E47 -> 0 | H48: ='TEAM OUT'!E47 -> 0 | I48: ='TEAM IN'!E47 -> 0 | J48: =E48+F48-G48-H48+I48 -> 0 | L48: =J48-K48 -> 0
A49: 46 | B49: JAIPUR | C49: CABLE POWER | D49: POWER CABLE - V1 | E49: =STOCK!E47 -> 0 | F49: ='JIO MIN'!E48 -> 0 | G49: ='JIO MRN'!E48 -> 0 | H49: ='TEAM OUT'!E48 -> 0 | I49: ='TEAM IN'!E48 -> 0 | J49: =E49+F49-G49-H49+I49 -> 0 | L49: =J49-K49 -> 0
A50: 47 | B50: JAIPUR | C50: COLD SHRINK | D50: COLD SHRINK TUBE | E50: =STOCK!E48 -> 0 | F50: ='JIO MIN'!E49 -> 46 | G50: ='JIO MRN'!E49 -> 0 | H50: ='TEAM OUT'!E49 -> 0 | I50: ='TEAM IN'!E49 -> 0 | J50: =E50+F50-G50-H50+I50 -> 46 | K50: 46 | L50: =J50-K50 -> 0
A51: 48 | B51: JAIPUR | C51: IRM KIT | D51: IRM TB 850 MHZ | E51: =STOCK!E49 -> 0 | F51: ='JIO MIN'!E50 -> 0 | G51: ='JIO MRN'!E50 -> 0 | H51: ='TEAM OUT'!E50 -> 0 | I51: ='TEAM IN'!E50 -> 0 | J51: =E51+F51-G51-H51+I51 -> 0 | L51: =J51-K51 -> 0
A52: 49 | B52: JAIPUR | C52: IRM KIT | D52: IRM-1800 (01 for 03 Sectors) | E52: =STOCK!E50 -> 0 | F52: ='JIO MIN'!E51 -> 0 | G52: ='JIO MRN'!E51 -> 0 | H52: ='TEAM OUT'!E51 -> 0 | I52: ='TEAM IN'!E51 -> 0 | J52: =E52+F52-G52-H52+I52 -> 0 | L52: =J52-K52 -> 0
A53: 50 | B53: JAIPUR | C53: JUMPER | D53: Jumper - 02 MTR - 1800 | E53: =STOCK!E51 -> 0 | F53: ='JIO MIN'!E52 -> 0 | G53: ='JIO MRN'!E52 -> 0 | H53: ='TEAM OUT'!E52 -> 0 | I53: ='TEAM IN'!E52 -> 0 | J53: =E53+F53-G53-H53+I53 -> 0 | L53: =J53-K53 -> 0
A54: 51 | B54: JAIPUR | C54: JUMPER | D54: JUMPER - 02 MTR - 2300 & 850 | E54: =STOCK!E52 -> 0 | F54: ='JIO MIN'!E53 -> 0 | G54: ='JIO MRN'!E53 -> 0 | H54: ='TEAM OUT'!E53 -> 0 | I54: ='TEAM IN'!E53 -> 0 | J54: =E54+F54-G54-H54+I54 -> 0 | L54: =J54-K54 -> 0
A55: 52 | B55: JAIPUR | C55: JUMPER | D55: JUMPER - 10 MTR - 2300 & 850 | E55: =STOCK!E53 -> 0 | F55: ='JIO MIN'!E54 -> 0 | G55: ='JIO MRN'!E54 -> 0 | H55: ='TEAM OUT'!E54 -> 0 | I55: ='TEAM IN'!E54 -> 0 | J55: =E55+F55-G55-H55+I55 -> 0 | L55: =J55-K55 -> 0
A56: 53 | B56: JAIPUR | C56: PACKING BOX | D56: SINGLE BAND BOX SMALL | E56: =STOCK!E54 -> 0 | F56: ='JIO MIN'!E55 -> 0 | G56: ='JIO MRN'!E55 -> 0 | H56: ='TEAM OUT'!E55 -> 0 | I56: ='TEAM IN'!E55 -> 0 | J56: =E56+F56-G56-H56+I56 -> 0 | L56: =J56-K56 -> 0
A57: 54 | B57: JAIPUR | C57: PACKING BOX | D57: SINGLE BAND BOX BIG | E57: =STOCK!E55 -> 0 | F57: ='JIO MIN'!E56 -> 0 | G57: ='JIO MRN'!E56 -> 0 | H57: ='TEAM OUT'!E56 -> 0 | I57: ='TEAM IN'!E56 -> 0 | J57: =E57+F57-G57-H57+I57 -> 0 | L57: =J57-K57 -> 0
A58: 55 | B58: JAIPUR | C58: PACKING BOX | D58: MULTIBAND BOX | E58: =STOCK!E56 -> 0 | F58: ='JIO MIN'!E57 -> 0 | G58: ='JIO MRN'!E57 -> 0 | H58: ='TEAM OUT'!E57 -> 0 | I58: ='TEAM IN'!E57 -> 0 | J58: =E58+F58-G58-H58+I58 -> 0 | K58: 0 | L58: =J58-K58 -> 0
A59: 56 | B59: JAIPUR | C59: PACKING BOX | D59: PB BOX | E59: =STOCK!E57 -> 0 | F59: ='JIO MIN'!E58 -> 0 | G59: ='JIO MRN'!E58 -> 0 | H59: ='TEAM OUT'!E58 -> 0 | I59: ='TEAM IN'!E58 -> 0 | J59: =E59+F59-G59-H59+I59 -> 0 | L59: =J59-K59 -> 0
A60: 57 | B60: JAIPUR | C60: PACKING BOX | D60: RRH BOX | E60: =STOCK!E58 -> 0 | F60: ='JIO MIN'!E59 -> 0 | G60: ='JIO MRN'!E59 -> 0 | H60: ='TEAM OUT'!E59 -> 0 | I60: ='TEAM IN'!E59 -> 0 | J60: =E60+F60-G60-H60+I60 -> 0 | L60: =J60-K60 -> 0
A61: 58 | B61: JAIPUR | C61: PACKING FOAM | D61: PACKING FOAM | E61: =STOCK!E59 -> 0 | F61: ='JIO MIN'!E60 -> 0 | G61: ='JIO MRN'!E60 -> 0 | H61: ='TEAM OUT'!E60 -> 0 | I61: ='TEAM IN'!E60 -> 0 | J61: =E61+F61-G61-H61+I61 -> 0 | K61: 0 | L61: =J61-K61 -> 0
A62: 59 | B62: JAIPUR | C62: RDU | D62: RDU IRM | E62: =STOCK!E60 -> 0 | F62: ='JIO MIN'!E61 -> 0 | G62: ='JIO MRN'!E61 -> 0 | H62: ='TEAM OUT'!E61 -> 0 | I62: ='TEAM IN'!E61 -> 0 | J62: =E62+F62-G62-H62+I62 -> 0 | L62: =J62-K62 -> 0
A63: 60 | B63: JAIPUR | C63: RDU | D63: RDU RAIL | E63: =STOCK!E61 -> 0 | F63: ='JIO MIN'!E62 -> 0 | G63: ='JIO MRN'!E62 -> 0 | H63: ='TEAM OUT'!E62 -> 0 | I63: ='TEAM IN'!E62 -> 0 | J63: =E63+F63-G63-H63+I63 -> 0 | L63: =J63-K63 -> 0
A64: 61 | B64: JAIPUR | C64: RDU | D64: RDU WITH LCC2-B5D & LMD1-K5B | E64: =STOCK!E62 -> 0 | F64: ='JIO MIN'!E63 -> 0 | G64: ='JIO MRN'!E63 -> 0 | H64: ='TEAM OUT'!E63 -> 0 | I64: ='TEAM IN'!E63 -> 0 | J64: =E64+F64-G64-H64+I64 -> 0 | L64: =J64-K64 -> 0
A65: 62 | B65: JAIPUR | C65: RDU | D65: RDU/CDU PWR CBL | E65: =STOCK!E63 -> 0 | F65: ='JIO MIN'!E64 -> 0 | G65: ='JIO MRN'!E64 -> 0 | H65: ='TEAM OUT'!E64 -> 0 | I65: ='TEAM IN'!E64 -> 0 | J65: =E65+F65-G65-H65+I65 -> 0 | L65: =J65-K65 -> 0
A66: 63 | B66: JAIPUR | C66: RET CABLE | D66: RET CABLE | E66: =STOCK!E64 -> 0 | F66: ='JIO MIN'!E65 -> 8 | G66: ='JIO MRN'!E65 -> 0 | H66: ='TEAM OUT'!E65 -> 0 | I66: ='TEAM IN'!E65 -> 0 | J66: =E66+F66-G66-H66+I66 -> 8 | K66: 8 | L66: =J66-K66 -> 0
A67: 64 | B67: JAIPUR | C67: RET MOTOR | D67: RET MOTOR | E67: =STOCK!E65 -> 0 | F67: ='JIO MIN'!E66 -> 0 | G67: ='JIO MRN'!E66 -> 0 | H67: ='TEAM OUT'!E66 -> 0 | I67: ='TEAM IN'!E66 -> 0 | J67: =E67+F67-G67-H67+I67 -> 0 | K67: 0 | L67: =J67-K67 -> 0
A68: 65 | B68: JAIPUR | C68: RET MOTOR 850 | D68: RET MOTOR 850 | E68: =STOCK!E66 -> 0 | F68: ='JIO MIN'!E67 -> 0 | G68: ='JIO MRN'!E67 -> 0 | H68: ='TEAM OUT'!E67 -> 0 | I68: ='TEAM IN'!E67 -> 0 | J68: =E68+F68-G68-H68+I68 -> 0 | K68: 0 | L68: =J68-K68 -> 0
A69: 66 | B69: JAIPUR | C69: RRH | D69: 2300 160W RRH V2 | E69: =STOCK!E67 -> 0 | F69: ='JIO MIN'!E68 -> 0 | G69: ='JIO MRN'!E68 -> 0 | H69: ='TEAM OUT'!E68 -> 0 | I69: ='TEAM IN'!E68 -> 0 | J69: =E69+F69-G69-H69+I69 -> 0 | L69: =J69-K69 -> 0
A70: 67 | B70: JAIPUR | C70: RRH | D70: 2300 MHZ RRH - 80 WT - V2 RRH | E70: =STOCK!E68 -> 0 | F70: ='JIO MIN'!E69 -> 0 | G70: ='JIO MRN'!E69 -> 0 | H70: ='TEAM OUT'!E69 -> 0 | I70: ='TEAM IN'!E69 -> 0 | J70: =E70+F70-G70-H70+I70 -> 0 | L70: =J70-K70 -> 0
A71: 68 | B71: JAIPUR | C71: RRH | D71: RRH 1800 MHz - 80 WT | E71: =STOCK!E69 -> 0 | F71: ='JIO MIN'!E70 -> 0 | G71: ='JIO MRN'!E70 -> 0 | H71: ='TEAM OUT'!E70 -> 0 | I71: ='TEAM IN'!E70 -> 0 | J71: =E71+F71-G71-H71+I71 -> 0 | L71: =J71-K71 -> 0
A72: 69 | B72: JAIPUR | C72: RRH | D72: RRH 850 MHz - 80 WT | E72: =STOCK!E70 -> 0 | F72: ='JIO MIN'!E71 -> 0 | G72: ='JIO MRN'!E71 -> 0 | H72: ='TEAM OUT'!E71 -> 0 | I72: ='TEAM IN'!E71 -> 0 | J72: =E72+F72-G72-H72+I72 -> 0 | L72: =J72-K72 -> 0
A73: 70 | B73: JAIPUR | C73: SFP | D73: 10G SFP | E73: =STOCK!E71 -> 0 | F73: ='JIO MIN'!E72 -> 0 | G73: ='JIO MRN'!E72 -> 0 | H73: ='TEAM OUT'!E72 -> 0 | I73: ='TEAM IN'!E72 -> 0 | J73: =E73+F73-G73-H73+I73 -> 0 | L73: =J73-K73 -> 0
A74: 71 | B74: JAIPUR | C74: SFP | D74: RRH SFP 1800 MHZ | E74: =STOCK!E72 -> 0 | F74: ='JIO MIN'!E73 -> 0 | G74: ='JIO MRN'!E73 -> 0 | H74: ='TEAM OUT'!E73 -> 0 | I74: ='TEAM IN'!E73 -> 0 | J74: =E74+F74-G74-H74+I74 -> 0 | L74: =J74-K74 -> 0
A75: 1 | B75: JODHOUR | C75: ANTENNA | D75: B6-DISH ANTENNA | E75: =STOCK!E73 -> 2 | F75: ='JIO MIN'!E74 -> 12 | G75: ='JIO MRN'!E74 -> 0 | H75: ='TEAM OUT'!E74 -> 0 | I75: ='TEAM IN'!E74 -> 0 | J75: =E75+F75-G75-H75+I75 -> 14 | K75: 14 | L75: =J75-K75 -> 0
A76: 2 | B76: JODHOUR | C76: ANTENNA | D76: A6 RADIO ODU | E76: =STOCK!E74 -> 7 | F76: ='JIO MIN'!E75 -> 20 | G76: ='JIO MRN'!E75 -> 0 | H76: ='TEAM OUT'!E75 -> 0 | I76: ='TEAM IN'!E75 -> 0 | J76: =E76+F76-G76-H76+I76 -> 27 | K76: 27 | L76: =J76-K76 -> 0
A77: 3 | B77: JODHOUR | C77: ANTENNA | D77: B6 RADIO ODU | E77: =STOCK!E75 -> 2 | F77: ='JIO MIN'!E76 -> 12 | G77: ='JIO MRN'!E76 -> 0 | H77: ='TEAM OUT'!E76 -> 0 | I77: ='TEAM IN'!E76 -> 0 | J77: =E77+F77-G77-H77+I77 -> 14 | K77: 14 | L77: =J77-K77 -> 0
A78: 4 | B78: JODHOUR | C78: CABLE | D78: B6-LOGIN CABLE | E78: =STOCK!E76 -> 0 | F78: ='JIO MIN'!E77 -> 0 | G78: ='JIO MRN'!E77 -> 0 | H78: ='TEAM OUT'!E77 -> 0 | I78: ='TEAM IN'!E77 -> 0 | J78: =E78+F78-G78-H78+I78 -> 0 | L78: =J78-K78 -> 0
A79: 5 | B79: JODHOUR | C79: CABLE | D79: CBL ELEC N-ARM 1.1KV AL PVC 1C 10 SQ.MM. | E79: =STOCK!E77 -> 100 | F79: ='JIO MIN'!E78 -> 120 | G79: ='JIO MRN'!E78 -> 0 | H79: ='TEAM OUT'!E78 -> 0 | I79: ='TEAM IN'!E78 -> 0 | J79: =E79+F79-G79-H79+I79 -> 220 | K79: 220 | L79: =J79-K79 -> 0
A80: 6 | B80: JODHOUR | C80: CABLE CAT-6 | D80: B6-CABLE CAT-6 UTP (B6-LOGIN CABLE) | E80: =STOCK!E78 -> 0 | F80: ='JIO MIN'!E79 -> 12 | G80: ='JIO MRN'!E79 -> 0 | H80: ='TEAM OUT'!E79 -> 0 | I80: ='TEAM IN'!E79 -> 0 | J80: =E80+F80-G80-H80+I80 -> 12 | K80: 12 | L80: =J80-K80 -> 0
A81: 7 | B81: JODHOUR | C81: CABLE CAT-6 | D81: B6-CABLE CAT-6 UTP (B6-LOGIN CABLE-50 MTR) | E81: =STOCK!E79 -> 0 | F81: ='JIO MIN'!E80 -> 0 | G81: ='JIO MRN'!E80 -> 0 | H81: ='TEAM OUT'!E80 -> 0 | I81: ='TEAM IN'!E80 -> 0 | J81: =E81+F81-G81-H81+I81 -> 0 | K81: 0 | L81: =J81-K81 -> 0
A82: 8 | B82: JODHOUR | C82: CABLE CAT-6 | D82: B6-CABLE CAT-6 UTP (B6-LOGIN CABLE-60 MTR) | E82: =STOCK!E80 -> 2 | F82: ='JIO MIN'!E81 -> 0 | G82: ='JIO MRN'!E81 -> 0 | H82: ='TEAM OUT'!E81 -> 0 | I82: ='TEAM IN'!E81 -> 0 | J82: =E82+F82-G82-H82+I82 -> 2 | K82: 2 | L82: =J82-K82 -> 0
A83: 9 | B83: JODHOUR | C83: CABLE CPRI | D83: B6-CPRI CABLE 50 MTR - (MULTIMODE) | E83: =STOCK!E81 -> 1 | F83: ='JIO MIN'!E82 -> 6 | G83: ='JIO MRN'!E82 -> 0 | H83: ='TEAM OUT'!E82 -> 0 | I83: ='TEAM IN'!E82 -> 0 | J83: =E83+F83-G83-H83+I83 -> 7 | K83: 7 | L83: =J83-K83 -> 0
A84: 10 | B84: JODHOUR | C84: CABLE CPRI | D84: B6-CPRI CABLE 60 MTR - (MULTIMODE) | E84: =STOCK!E82 -> 0 | F84: ='JIO MIN'!E83 -> 0 | G84: ='JIO MRN'!E83 -> 0 | H84: ='TEAM OUT'!E83 -> 0 | I84: ='TEAM IN'!E83 -> 0 | J84: =E84+F84-G84-H84+I84 -> 0 | K84: 0 | L84: =J84-K84 -> 0
A85: 11 | B85: JODHOUR | C85: CABLE CPRI | D85: CPRI CABLE 05 MTR - (MULTIMODE) | E85: =STOCK!E83 -> 7 | F85: ='JIO MIN'!E84 -> 19 | G85: ='JIO MRN'!E84 -> 0 | H85: ='TEAM OUT'!E84 -> 0 | I85: ='TEAM IN'!E84 -> 0 | J85: =E85+F85-G85-H85+I85 -> 26 | K85: 26 | L85: =J85-K85 -> 0
A86: 12 | B86: JODHOUR | C86: CABLE CPRI | D86: CPRI CABLE 30 MTR - (MULTIMODE) | E86: =STOCK!E84 -> 0 | F86: ='JIO MIN'!E85 -> 0 | G86: ='JIO MRN'!E85 -> 0 | H86: ='TEAM OUT'!E85 -> 0 | I86: ='TEAM IN'!E85 -> 0 | J86: =E86+F86-G86-H86+I86 -> 0 | K86: 0 | L86: =J86-K86 -> 0
A87: 13 | B87: JODHOUR | C87: CABLE CPRI | D87: CPRI CABLE 40 MTR - (MULTIMODE) | E87: =STOCK!E85 -> 0 | F87: ='JIO MIN'!E86 -> 0 | G87: ='JIO MRN'!E86 -> 0 | H87: ='TEAM OUT'!E86 -> 0 | I87: ='TEAM IN'!E86 -> 0 | J87: =E87+F87-G87-H87+I87 -> 0 | L87: =J87-K87 -> 0
A88: 14 | B88: JODHOUR | C88: CABLE CPRI | D88: CPRI CABLE 70 MTR - (MULTIMODE) | E88: =STOCK!E86 -> 0 | F88: ='JIO MIN'!E87 -> 0 | G88: ='JIO MRN'!E87 -> 0 | H88: ='TEAM OUT'!E87 -> 0 | I88: ='TEAM IN'!E87 -> 0 | J88: =E88+F88-G88-H88+I88 -> 0 | L88: =J88-K88 -> 0
A89: 15 | B89: JODHOUR | C89: CABLE CPRI | D89: FIBER,LC DUP PC-LC DUP APC,SM,3MTR | E89: =STOCK!E87 -> 0 | F89: ='JIO MIN'!E88 -> 0 | G89: ='JIO MRN'!E88 -> 0 | H89: ='TEAM OUT'!E88 -> 0 | I89: ='TEAM IN'!E88 -> 0 | J89: =E89+F89-G89-H89+I89 -> 0 | L89: =J89-K89 -> 0
A90: 16 | B90: JODHOUR | C90: CABLE EARTHING | D90: EARTHING CABLE | E90: =STOCK!E88 -> 0 | F90: ='JIO MIN'!E89 -> 0 | G90: ='JIO MRN'!E89 -> 0 | H90: ='TEAM OUT'!E89 -> 0 | I90: ='TEAM IN'!E89 -> 0 | J90: =E90+F90-G90-H90+I90 -> 0 | L90: =J90-K90 -> 0
A91: 17 | B91: JODHOUR | C91: CABLE POWER | D91: POWER CABLE 30 MTR (MULTIMODE) | E91: =STOCK!E89 -> 0 | F91: ='JIO MIN'!E90 -> 0 | G91: ='JIO MRN'!E90 -> 0 | H91: ='TEAM OUT'!E90 -> 0 | I91: ='TEAM IN'!E90 -> 0 | J91: =E91+F91-G91-H91+I91 -> 0 | L91: =J91-K91 -> 0
A92: 18 | B92: JODHOUR | C92: CABLE POWER | D92: POWER CABLE 40 MTR (MULTIMODE) | E92: =STOCK!E90 -> 2 | F92: ='JIO MIN'!E91 -> 6 | G92: ='JIO MRN'!E91 -> 0 | H92: ='TEAM OUT'!E91 -> 0 | I92: ='TEAM IN'!E91 -> 0 | J92: =E92+F92-G92-H92+I92 -> 8 | K92: 8 | L92: =J92-K92 -> 0
A93: 19 | B93: JODHOUR | C93: CABLE POWER | D93: POWER CABLE 50 MTR (MULTIMODE) | E93: =STOCK!E91 -> 2 | F93: ='JIO MIN'!E92 -> 25 | G93: ='JIO MRN'!E92 -> 0 | H93: ='TEAM OUT'!E92 -> 0 | I93: ='TEAM IN'!E92 -> 0 | J93: =E93+F93-G93-H93+I93 -> 27 | K93: 27 | L93: =J93-K93 -> 0
A94: 20 | B94: JODHOUR | C94: CABLE POWER | D94: POWER CABLE 60 MTR (MULTIMODE) | E94: =STOCK!E92 -> 4 | F94: ='JIO MIN'!E93 -> 0 | G94: ='JIO MRN'!E93 -> 0 | H94: ='TEAM OUT'!E93 -> 0 | I94: ='TEAM IN'!E93 -> 0 | J94: =E94+F94-G94-H94+I94 -> 4 | K94: 4 | L94: =J94-K94 -> 0
A95: 21 | B95: JODHOUR | C95: CABLE POWER | D95: POWER CABLE 70 MTR (MULTIMODE) | E95: =STOCK!E93 -> 0 | F95: ='JIO MIN'!E94 -> 0 | G95: ='JIO MRN'!E94 -> 0 | H95: ='TEAM OUT'!E94 -> 0 | I95: ='TEAM IN'!E94 -> 0 | J95: =E95+F95-G95-H95+I95 -> 0 | L95: =J95-K95 -> 0
A96: 22 | B96: JODHOUR | C96: CLAMP | D96: EARTHING CLAMP | E96: =STOCK!E94 -> 0 | F96: ='JIO MIN'!E95 -> 1 | G96: ='JIO MRN'!E95 -> 0 | H96: ='TEAM OUT'!E95 -> 0 | I96: ='TEAM IN'!E95 -> 0 | J96: =E96+F96-G96-H96+I96 -> 1 | K96: 1 | L96: =J96-K96 -> 0
A97: 23 | B97: JODHOUR | C97: CLAMP | D97: GRIPPING CLAMP-STUB | E97: =STOCK!E95 -> 0 | F97: ='JIO MIN'!E96 -> 0 | G97: ='JIO MRN'!E96 -> 0 | H97: ='TEAM OUT'!E96 -> 0 | I97: ='TEAM IN'!E96 -> 0 | J97: =E97+F97-G97-H97+I97 -> 0 | L97: =J97-K97 -> 0
A98: 24 | B98: JODHOUR | C98: GLAND | D98: GLAND FREED FROM CPRI | E98: =STOCK!E96 -> 0 | F98: ='JIO MIN'!E97 -> 0 | G98: ='JIO MRN'!E97 -> 0 | H98: ='TEAM OUT'!E97 -> 0 | I98: ='TEAM IN'!E97 -> 0 | J98: =E98+F98-G98-H98+I98 -> 0 | L98: =J98-K98 -> 0
A99: 25 | B99: JODHOUR | C99: IRM KIT | D99: B6-INSTALLATION IRM KIT | E99: =STOCK!E97 -> 2 | F99: ='JIO MIN'!E98 -> 12 | G99: ='JIO MRN'!E98 -> 0 | H99: ='TEAM OUT'!E98 -> 0 | I99: ='TEAM IN'!E98 -> 0 | J99: =E99+F99-G99-H99+I99 -> 14 | K99: 14 | L99: =J99-K99 -> 0
A100: 26 | B100: JODHOUR | C100: IRM KIT | D100: A6 INSTALLATION IRM KIT | E100: =STOCK!E98 -> 6 | F100: ='JIO MIN'!E99 -> 19 | G100: ='JIO MRN'!E99 -> 0 | H100: ='TEAM OUT'!E99 -> 0 | I100: ='TEAM IN'!E99 -> 0 | J100: =E100+F100-G100-H100+I100 -> 25 | K100: 25 | L100: =J100-K100 -> 0
...
